sad,nue,hap,ang
train_0002.jpg,train_0003.jpg,train_0004.jpg,train_0000.jpg
train_0013.jpg,train_0005.jpg,train_0006.jpg,train_0001.jpg
train_0017.jpg,train_0008.jpg,train_0007.jpg,train_0015.jpg
train_0019.jpg,train_0011.jpg,train_0009.jpg,train_0020.jpg
train_0021.jpg,train_0018.jpg,train_0010.jpg,train_0027.jpg
train_0026.jpg,train_0039.jpg,train_0012.jpg,train_0028.jpg
train_0032.jpg,train_0041.jpg,train_0014.jpg,train_0031.jpg
train_0033.jpg,train_0042.jpg,train_0016.jpg,train_0037.jpg
train_0034.jpg,train_0045.jpg,train_0022.jpg,train_0044.jpg
train_0035.jpg,train_0051.jpg,train_0023.jpg,train_0060.jpg
train_0038.jpg,train_0053.jpg,train_0024.jpg,train_0064.jpg
train_0040.jpg,train_0054.jpg,train_0025.jpg,train_0065.jpg
train_0043.jpg,train_0059.jpg,train_0029.jpg,train_0068.jpg
train_0047.jpg,train_0063.jpg,train_0030.jpg,train_0073.jpg
train_0049.jpg,train_0066.jpg,train_0036.jpg,train_0076.jpg
train_0055.jpg,train_0069.jpg,train_0046.jpg,train_0086.jpg
train_0057.jpg,train_0071.jpg,train_0048.jpg,train_0088.jpg
train_0058.jpg,train_0072.jpg,train_0050.jpg,train_0089.jpg
train_0062.jpg,train_0077.jpg,train_0052.jpg,train_0093.jpg
train_0067.jpg,train_0078.jpg,train_0056.jpg,train_0099.jpg
train_0074.jpg,train_0080.jpg,train_0061.jpg,train_0101.jpg
train_0079.jpg,train_0097.jpg,train_0070.jpg,train_0110.jpg
train_0081.jpg,train_0098.jpg,train_0075.jpg,train_0115.jpg
train_0082.jpg,train_0100.jpg,train_0085.jpg,train_0118.jpg
train_0083.jpg,train_0106.jpg,train_0087.jpg,train_0120.jpg
train_0084.jpg,train_0108.jpg,train_0090.jpg,train_0124.jpg
train_0091.jpg,train_0112.jpg,train_0094.jpg,train_0126.jpg
train_0092.jpg,train_0113.jpg,train_0103.jpg,train_0131.jpg
train_0095.jpg,train_0114.jpg,train_0104.jpg,train_0133.jpg
train_0096.jpg,train_0116.jpg,train_0111.jpg,train_0135.jpg
train_0102.jpg,train_0121.jpg,train_0119.jpg,train_0138.jpg
train_0105.jpg,train_0122.jpg,train_0132.jpg,train_0140.jpg
train_0107.jpg,train_0123.jpg,train_0134.jpg,train_0141.jpg
train_0109.jpg,train_0125.jpg,train_0136.jpg,train_0143.jpg
train_0117.jpg,train_0127.jpg,train_0137.jpg,train_0144.jpg
train_0130.jpg,train_0128.jpg,train_0145.jpg,train_0146.jpg
train_0142.jpg,train_0129.jpg,train_0153.jpg,train_0149.jpg
train_0147.jpg,train_0139.jpg,train_0155.jpg,train_0150.jpg
train_0148.jpg,train_0156.jpg,train_0159.jpg,train_0151.jpg
train_0154.jpg,train_0157.jpg,train_0160.jpg,train_0152.jpg
train_0158.jpg,train_0161.jpg,train_0162.jpg,train_0164.jpg
train_0163.jpg,train_0176.jpg,train_0167.jpg,train_0166.jpg
train_0165.jpg,train_0178.jpg,train_0172.jpg,train_0168.jpg
train_0170.jpg,train_0181.jpg,train_0175.jpg,train_0169.jpg
train_0171.jpg,train_0185.jpg,train_0177.jpg,train_0173.jpg
train_0174.jpg,train_0189.jpg,train_0179.jpg,train_0183.jpg
train_0182.jpg,train_0192.jpg,train_0180.jpg,train_0187.jpg
train_0184.jpg,train_0195.jpg,train_0186.jpg,train_0191.jpg
train_0190.jpg,train_0196.jpg,train_0188.jpg,train_0194.jpg
train_0193.jpg,train_0198.jpg,train_0205.jpg,train_0212.jpg
train_0197.jpg,train_0199.jpg,train_0208.jpg,train_0213.jpg
train_0200.jpg,train_0203.jpg,train_0210.jpg,train_0215.jpg
train_0201.jpg,train_0204.jpg,train_0214.jpg,train_0219.jpg
train_0202.jpg,train_0209.jpg,train_0218.jpg,train_0230.jpg
train_0206.jpg,train_0225.jpg,train_0222.jpg,train_0236.jpg
train_0207.jpg,train_0226.jpg,train_0223.jpg,train_0237.jpg
train_0211.jpg,train_0227.jpg,train_0224.jpg,train_0245.jpg
train_0216.jpg,train_0233.jpg,train_0229.jpg,train_0248.jpg
train_0217.jpg,train_0239.jpg,train_0231.jpg,train_0249.jpg
train_0220.jpg,train_0240.jpg,train_0242.jpg,train_0251.jpg
train_0221.jpg,train_0246.jpg,train_0243.jpg,train_0257.jpg
train_0228.jpg,train_0247.jpg,train_0244.jpg,train_0259.jpg
train_0232.jpg,train_0256.jpg,train_0250.jpg,train_0260.jpg
train_0234.jpg,train_0258.jpg,train_0262.jpg,train_0263.jpg
train_0235.jpg,train_0261.jpg,train_0265.jpg,train_0266.jpg
train_0238.jpg,train_0268.jpg,train_0272.jpg,train_0267.jpg
train_0241.jpg,train_0269.jpg,train_0273.jpg,train_0270.jpg
train_0252.jpg,train_0284.jpg,train_0276.jpg,train_0274.jpg
train_0253.jpg,train_0286.jpg,train_0294.jpg,train_0275.jpg
train_0254.jpg,train_0287.jpg,train_0301.jpg,train_0279.jpg
train_0255.jpg,train_0292.jpg,train_0304.jpg,train_0280.jpg
train_0264.jpg,train_0296.jpg,train_0305.jpg,train_0283.jpg
train_0271.jpg,train_0300.jpg,train_0306.jpg,train_0288.jpg
train_0277.jpg,train_0302.jpg,train_0310.jpg,train_0289.jpg
train_0278.jpg,train_0307.jpg,,train_0291.jpg
train_0281.jpg,train_0308.jpg,,train_0293.jpg
train_0282.jpg,train_0309.jpg,,train_0298.jpg
train_0285.jpg,,,train_0311.jpg
train_0290.jpg,,,
train_0295.jpg,,,
train_0297.jpg,,,
train_0299.jpg,,,
train_0303.jpg,,,